hour,charging_demand
0,51.776934951588885
1,53.80995956578817
2,48.357207706991225
3,46.46670309619171
4,46.661534589593366
5,49.15380604762544
6,54.28011571575208
7,51.76700168034597
8,33.408332468030444
9,25.87675952199495
10,22.15176142098601
11,22.252551450402454
12,37.22345487201198
13,39.4935813086865
14,27.45947355458196
15,24.73920485925089
16,25.581838712699664
17,28.9772542031962
18,28.51081270893618
19,31.56615586543392
20,32.74933053526343
21,32.0694245919935
22,31.99916639490409
23,33.95038187794226
