feature,coefficient,absolute_importance
station_demand_mean,83.20688323202049,83.20688323202049
charging_duration,27.74360460821528,27.74360460821528
occupancy,-15.986169724286754,15.986169724286754
price,-6.801452103650192,6.801452103650192
hour,-4.841580472959268,4.841580472959268
month,3.7821190023819256,3.7821190023819256
day_of_month,2.9760435321489935,2.9760435321489935
hour_cos,2.5648556770947355,2.5648556770947355
day_of_week,-0.7616038464957224,0.7616038464957224
day_cos,-0.7266244595361243,0.7266244595361243
day_sin,-0.6440254123134647,0.6440254123134647
hour_sin,0.23412754477327374,0.23412754477327374
