station_id,charging_demand
595,736.9588946761343
1131,611.3745954861758
1167,497.2862544367905
633,441.4807505142593
1137,388.334272762235
576,366.6227616711493
333,293.83692717841666
1026,265.70257169485296
775,249.704807098831
690,226.76256713663238
998,225.55423625595256
744,184.95447905252084
346,184.88290525484885
832,183.60761421415395
1032,163.54581790128657
895,156.63596836428124
708,136.85553369134328
682,136.01178745209654
1124,127.9569316809722
902,107.59614030531667
322,104.07676231321088
842,103.56379112067974
858,102.30482896075995
1098,100.96449546723969
580,89.83464290730406
891,87.1975135027037
512,84.41370548808842
519,71.77514774709375
1029,70.25383873460092
699,69.30652285901921
735,66.52611689821019
799,61.25745113134977
1049,55.84345151742477
348,54.89965380663171
1031,54.479221739957175
716,52.462871913539466
335,46.71449940534491
732,46.34793984630787
513,45.27841435177546
966,39.2059720775162
693,38.89657552114398
715,37.955051825950925
1011,37.14190716615047
974,36.95684185315625
329,36.79448062953935
589,34.599056745221645
804,34.53157465279618
332,32.99674747633565
526,32.733378552673614
703,32.25446829980174
795,30.730474955015044
855,30.509496244764353
965,30.140450970887844
851,29.42689510998368
733,29.25345347860706
996,28.480397955132524
1088,28.36457330256829
729,27.729906443334723
1009,27.47621145188021
588,27.295161378037733
986,27.11781613305451
1068,26.899679108994214
520,26.456486657486458
627,26.413848379629513
522,25.885609246271063
781,25.564098604699886
888,25.24958198293646
704,23.198798932787962
724,22.20144209759028
628,21.652059220681366
307,21.448255658472107
636,21.303086419755207
223,21.26224165703287
746,21.016186149948727
506,20.59411927723877
587,20.417582465396414
1000,20.264916393531017
217,19.93454763052384
712,19.55461037164977
1076,18.93636786257882
324,18.765932918601504
527,18.2727763472162
227,17.720768438097338
1164,16.900315891857176
972,16.250074202637382
328,15.478308111600809
773,15.079409272081714
1071,14.079840711456134
325,13.51560323440486
596,13.175695666517361
784,12.568362043601736
502,12.51309030990463
989,12.232894177548149
525,11.928398116074305
1159,11.537805362540624
1119,11.436588252181481
1062,11.26856712975463
802,11.255937435704167
224,10.860087030661573
1166,10.849480806367591
700,10.837695312460996
501,10.465426697435301
691,10.434855259687385
1061,10.129526395187499
1067,9.73470301246574
206,9.297542615133564
1015,9.252279931799652
331,9.102782760957407
226,9.044661329743056
751,8.922744084087038
1074,8.900027054267131
1083,8.845049479327315
969,8.546408339702893
529,8.01384908682037
552,7.941003536452431
570,7.790702256768866
710,7.718340904705787
1102,7.638499742827315
108,7.373509998764121
326,7.283078478613773
584,7.2437453382211805
107,7.2289264724040505
1085,7.149311840938773
1100,7.123790782498263
323,7.088769515212847
705,7.040312917962615
1149,7.0261424253978015
1111,6.948255947731713
709,6.68829452805081
105,6.656212319913542
903,6.559674591557755
1115,6.51385636889838
745,6.4972908949966435
988,6.412429060496644
1043,6.396093814319676
897,6.310264612344097
904,6.276405831978704
887,6.251669528049422
1168,6.181145833282292
330,6.069326324594213
630,5.922737268522801
1072,5.902714666904861
235,5.873495788323726
982,5.657197948795949
1121,5.636343106982754
111,5.548344955626852
631,5.390161458392824
102,5.336028726160764
1081,5.2913833590606485
741,5.1440638985342595
1173,5.140793000866898
644,5.09903144288044
1096,5.033470019942129
643,5.02180172971713
1114,4.916804864308218
1144,4.91146682101088
771,4.834695135610649
656,4.7541547389418986
309,4.716999758893287
202,4.503534304285301
728,4.405217656871181
110,4.3520905510650465
216,4.268394483038426
991,4.1961282150361106
1095,4.139351337439699
632,4.082903034972801
686,4.007139692658102
204,3.989158982760069
408,3.9338928755276616
967,3.787246656402546
124,3.781154513882986
109,3.6009114905023147
1126,3.5997429108894674
1066,3.492135239814699
1075,3.1743899498113426
594,3.171036908415625
1134,3.1651709426613426
208,3.120898598286806
343,3.080340727853125
790,3.01794229038044
706,3.0124488972363426
577,2.9201495627449074
1172,2.873902391968287
900,2.836075970930903
862,2.627683513352778
205,2.5511797518108796
1162,2.512319782032639
975,2.5070676440667823
849,2.4771566197336807
1109,2.4481360114586805
1122,2.4168199909880785
347,2.3533066486472225
655,2.2761275077233796
215,2.1927518003711803
737,2.128862847237616
1090,2.0859538644631948
598,2.065603137838889
225,2.0336289544700232
719,2.026385448832986
1112,1.9955516010714118
1110,1.987904353149653
123,1.8517930169793981
1060,1.805258905625
698,1.7588376575262732
883,1.737849472730324
983,1.6994070858991899
1113,1.6464215374247686
979,1.6265187756814816
1154,1.5969731224686343
1037,1.5889309091885417
711,1.5865278099211806
1156,1.5513419174486112
1086,1.5201931101947916
852,1.4371855870489583
831,1.4261343235559027
1104,1.2897941100715278
585,1.27491213350625
701,1.2564410365355323
638,1.244338895297801
783,1.2108935506599539
1092,1.1796235532480326
320,1.1764198333739582
1082,1.162634194970023
1143,1.151881462169213
848,1.1241699781011574
681,1.1221769225407408
1106,1.1079373552916667
406,1.1057779867225694
901,1.0950053368775463
1105,1.0617212416450232
1099,1.0564090149118055
1101,1.0405840727570603
893,1.027491930264352
1093,0.9872023211799769
1163,0.9495761959342593
739,0.8264163450997686
1138,0.8146560570964121
115,0.6478157471310186
702,0.5820563914079862
835,0.5355783178402778
937,0.528488747375463
1107,0.493963380916088
1160,0.48612768456006944
1170,0.47580623061747684
340,0.2900623875641204
890,0.2740819349230324
987,0.19807024824224537
